12,Web Service,https://inst.moshimo.works/,instrodux - instax mini Link x introduction
11,Agent software,https://github.com/a-know/mackerel-remora,mackerel-remora
10,CLI Tool,https://github.com/a-know/pi,Pi
9,Web API Service,https://pixe.la,Pixela
8,Web Service,https://blog.a-know.me/entry/2017/12/26/234528,Yukizuri
7,CLI Tool,https://github.com/a-know/kabu,kabu
6,heroku app,https://github.com/a-know/currentvisitor2mackerel,currentvisitor2mackerel
5,heroku app,https://github.com/a-know/favs2blogposts,favs2blogposts
4,Web Service,https://grass-graph.moshimo.works/,Grass-Graph
3,Plugin,https://github.com/Shopify/dashing/wiki/Additional-Widgets,Custom Widget for dashing
2,Web Service,https://blog.a-know.me/entry/2015/06/28/204359,Mikanz - ミカンズ
1,Web Service,https://blog.a-know.me/entry/20120316/1331897972,Masterpiece
0,Desktop app,http://d.hatena.ne.jp/a-know/20990331/,sa-boom!! client